Title_URL,citation,external,citation1,referenceaccessdate,nowrap,external_URL,external2
https://www.abc.net.au/news/2023-10-18/rottweiler-type-breed-suspected-over-fatal-attack-allens-rivulet/102988214,,"""'It's not the breed that's the issue': Warnings not to demonise breed after fatal dog attack""",,". Retrieved October 20, 2023","October 20,",,
https://www.abc.net.au/news/2023-10-16/tasmanian-man-dies-after-dog-attacks-couple-at-home/102981802,,"""Man dies after 'loved pet' dog attacks him and female companion""",,". Retrieved October 20, 2023","October 20,",,
https://www.news.com.au/technology/science/animals/tasmanian-man-dies-after-suffering-serious-leg-injury-during-home-dog-attack/news-story/7f69ba380e2b098ded1006ee096ebbba,"Achenza, Madeleine (October 16, 2023). ""Man dies after suffering serious injuries during dog attack in Tasmanian home"". www.news.com.au. Retrieved October 20, 2023.","""Man dies after suffering serious injuries during dog attack in Tasmanian home""",www.news.com.au,". Retrieved October 20, 2023","October 20,",,
https://www.rnz.co.nz/news/national/500060/community-shocked-after-fatal-dog-attack-in-moerewa,"""Community shocked after fatal dog attack in Moerewa"". RNZ. October 13, 2023. Retrieved November 11, 2023.","""Community shocked after fatal dog attack in Moerewa""",RNZ,". Retrieved November 11, 2023","November 11,",,
https://www.nzherald.co.nz/nz/beloved-northland-woman-to-be-farewelled-following-a-fatal-dog-attack-in-moerewa/IBCIS46WKNHFBKCGLLQCAHM3SE/,"""Northland woman killed in dog attack was dearly-loved mother figure to many"". NZ Herald. October 16, 2023. Retrieved November 11, 2023.","""Northland woman killed in dog attack was dearly-loved mother figure to many""",NZ Herald,". Retrieved November 11, 2023","November 11,",,
https://www.teaonews.co.nz/2023/10/13/devastated-whanau-mourn-loved-moerewa-kuia-following-dog-attack/,"Perry, James (October 13, 2023). ""'Devastated' whānau mourn loved Moerewa kuia following dog attack"". Te Ao Māori News. Retrieved November 11, 2023.","""'Devastated' whānau mourn loved Moerewa kuia following dog attack""",Te Ao Māori News,". Retrieved November 11, 2023","November 11,",,
https://www.semana.com/amp/mundo/articulo/brutal-ataque-dos-perros-pitbull-asesinaron-a-su-dueno-de-78-anos-mientras-dormia/202347/,,"""Brutal attack: two pitbull dogs murdered their 78-year-old owner while he slept""",,". Retrieved August 1, 2023","August 1,",,
https://tuoitrenews.vn/news/society/20230518/daughters-pit-bull-mauls-mother-to-death-in-vietnam/73188.html,"""Daughter's pit bull mauls mother to death in Vietnam"". Tuoi Tre News. May 18, 2023. Retrieved January 16, 2024.","""Daughter's pit bull mauls mother to death in Vietnam""",Tuoi Tre News,". Retrieved January 16, 2024","January 16,",,
https://www.news.com.au/national/nsw-act/news/rottweilers-that-mauled-baby-to-death-are-put-down/news-story/148fdc837b0509f9a4b38a212338b950,,"""Rottweilers that mauled baby to death are put down""",,". Retrieved October 13, 2023","October 13,",,
https://www.news.com.au/technology/science/animals/fundraiser-launched-for-kane-minions-funeral/news-story/a43f0a7d81754e24035e19eeae18cd16,,"""Fundraiser launched for Kane Minion's funeral as friends reveal his fiancee is 'broken'""",,". Retrieved October 11, 2023","October 11,",,
https://www.abc.net.au/news/2022-12-07/dogs-attack-meter-reader-kane-minion-greenbank-destroyed/101746684,,"""Dogs that fatally mauled a meter reader south of Brisbane put down""",,". Retrieved October 13, 2023","October 13,",,
https://www.rnz.co.nz/news/national/502125/far-north-leads-the-pack-in-dog-attacks-acc-figures,"de Graaf, Peter (November 10, 2023). ""Far North leads the pack in dog attacks - ACC figures"". RNZ. Retrieved November 11, 2023.","""Far North leads the pack in dog attacks - ACC figures""",RNZ,". Retrieved November 11, 2023","November 11,",,
https://www.nzherald.co.nz/northern-advocate/news/northland-police-confirm-familys-claim-panguru-man-not-killed-by-own-dogs/FRSJ6JC3KGULYTE633EXW5V6HE/,"""Police confirm Panguru man not killed by own dogs"". NZ Herald. November 12, 2023. Retrieved November 11, 2023.","""Police confirm Panguru man not killed by own dogs""",NZ Herald,". Retrieved November 11, 2023","November 11,",,
https://www.1news.co.nz/2022/08/08/three-dogs-that-escaped-from-northland-property-after-attack-captured/,"""Dogs that escaped from Northland property after attack captured"". 1 News. August 8, 2022. Retrieved November 11, 2023.","""Dogs that escaped from Northland property after attack captured""",1 News,". Retrieved November 11, 2023","November 11,",,
https://www.mirror.co.uk/news/world-news/brave-toddler-2-mauled-death-26113720,,"""Brave toddler, 2, mauled to death by family dog 'fought until last breath' says dad""",,,,,
https://www.express.co.uk/news/world/1560398/dog-news-attack-Talan-Peters-australia-Mena-Creek-Queensland,,"""Horror as toddler mauled to death by family dog - calls for changes after attack""",,,,,
https://www.smh.com.au/national/nsw/the-most-sweet-little-boy-tributes-pour-for-two-year-old-killed-in-dog-attack-20221109-p5bwp5.html,"Keoghan, Sarah (November 8, 2022). ""'The most sweet little boy': Tributes pour for two-year-old killed in dog attack"". The Sydney Morning Herald. Retrieved November 9, 2023.","""'The most sweet little boy': Tributes pour for two-year-old killed in dog attack""",The Sydney Morning Herald,". Retrieved November 9, 2023","November 9,",,
https://www.smh.com.au/national/nsw/as-a-town-mourns-a-toddler-s-death-questions-are-raised-about-dog-restrictions-20221109-p5bws4.html,"Rawsthorne, Millie Muroi, Sally (November 9, 2022). ""As a town mourns a toddler's death, questions are raised about dog restrictions"". The Sydney Morning Herald. Retrieved November 9, 2023.","""As a town mourns a toddler's death, questions are raised about dog restrictions""",The Sydney Morning Herald,". Retrieved November 9, 2023","November 9,",,
https://7news.com.au/news/dog-attack/little-boy-manny-pictured-after-christmas-eve-dog-attack-on-gold-coast-c-5097114,"""Tragic details emerge after little boy died in Christmas Eve dog mauling"". December 27, 2021.","""Tragic details emerge after little boy died in Christmas Eve dog mauling""",,,,,
https://www.abc.net.au/news/2021-07-11/baby-mauled-to-death-by-dog-on-nsw-central-coast/100284298,,"""Family dog kills newborn boy as first responders face early-morning horror of 'tragic proportions'""",,,,,
https://www.abc.net.au/news/2021-06-08/qld-woman-dies-in-dog-attack-on-fraser-coast/100198220,,"""Woman dies after being attacked by three pit bulls""",,". Retrieved June 8, 2021","June 8,",,
https://www.9news.com.au/national/woman-dead-after-being-attacked-by-dogs-on-queensland-fraser-coast/cacd9ce8-3ec0-4e7a-9330-a9d4a050fcf9,"""Woman dies after she was attacked by three dogs in Queensland"". www.9news.com.au. Retrieved June 8, 2021.","""Woman dies after she was attacked by three dogs in Queensland""",www.9news.com.au,". Retrieved June 8, 2021","June 8,",,
https://www.illawarramercury.com.au/story/6763257/good-people-out-for-a-sunday-walk-probe-into-horror-jervis-bay-beach-attack/,"""'Good people out for a Sunday walk': Probe into horror Jervis Bay beach attack"". May 20, 2020.","""'Good people out for a Sunday walk': Probe into horror Jervis Bay beach attack""",,,,,
https://7news.com.au/news/nsw/fatal-mauling-of-nsw-woman-91-in-dog-attack-prompts-police-appeal-for-witnesses--c-1048019,"""Fatal dog mauling: Police appeal after NSW woman killed in pack attack"". May 20, 2020.","""Fatal dog mauling: Police appeal after NSW woman killed in pack attack""",,,,,
https://www.9news.com.au/national/mill-park-dog-attack-man-dead-woman-injured-melbourne-news/d9bca56a-1806-44a5-9e17-60ea099caf73,"""'I saw a dog on top of the body of the man and the lady was trying to help out'"". www.9news.com.au. July 11, 2019. Archived from the original on March 11, 2020. Retrieved March 7, 2020.","""'I saw a dog on top of the body of the man and the lady was trying to help out'""",www.9news.com.au,". Retrieved March 7, 2020","March 7,",https://web.archive.org/web/20200311212802/https://www.9news.com.au/national/mill-park-dog-attack-man-dead-woman-injured-melbourne-news/d9bca56a-1806-44a5-9e17-60ea099caf73,Archived
https://www.theage.com.au/national/victoria/american-staffordshire-terriers-have-killed-four-australians-this-year-20190711-p526be.html,"Zhuang, Yan; Hope, Zach (July 11, 2019). ""American Staffordshire terriers have killed four Australians this year"". The Age. Archived from the original on November 9, 2019. Retrieved March 7, 2020.","""American Staffordshire terriers have killed four Australians this year""",The Age,". Retrieved March 7, 2020","March 7,",https://web.archive.org/web/20191109033338/https://www.theage.com.au/national/victoria/american-staffordshire-terriers-have-killed-four-australians-this-year-20190711-p526be.html,Archived
https://www.9news.com.au/national/news-nsw-nowra-death-man-mauled-by-dog-epileptic-fit/4489c3ea-c298-4726-8eda-54c204374d13,"""Man mauled by dog after epileptic fit"". www.9news.com.au. June 13, 2019. Archived from the original on August 9, 2020. Retrieved March 7, 2020.","""Man mauled by dog after epileptic fit""",www.9news.com.au,". Retrieved March 7, 2020","March 7,",https://web.archive.org/web/20200809121556/https://www.9news.com.au/national/news-nsw-nowra-death-man-mauled-by-dog-epileptic-fit/4489c3ea-c298-4726-8eda-54c204374d13,Archived
https://www.abc.net.au/news/2019-06-13/fatal-dog-attack-in-nowra/11208002,,"""Man's 'suspicious' death on NSW south coast caused by pet dog""",,". Retrieved March 7, 2020","March 7,",https://web.archive.org/web/20190624005146/https://www.abc.net.au/news/2019-06-13/fatal-dog-attack-in-nowra/11208002,Archived
https://www.stuff.co.nz/world/australia/112820522/australian-woman-dies-after-being-attacked-by-her-pet-dog,"""Australian woman dies after being attacked by her pet dog"". Stuff. May 17, 2019.","""Australian woman dies after being attacked by her pet dog""",Stuff,,,,
http://www.nationmultimedia.com/detail/breakingnews/30366174,"""75-year-old mauled to death by six pit bulls in Nonthaburi"". The Nation, Thailand Portal. March 20, 2019. Archived from the original on March 21, 2019. Retrieved March 7, 2020.","""75-year-old mauled to death by six pit bulls in Nonthaburi""","The Nation, Thailand Portal",". Retrieved March 7, 2020","March 7,",https://web.archive.org/web/20190321152851/http://www.nationmultimedia.com/detail/breakingnews/30366174,Archived
https://www.abc.net.au/news/2019-03-02/man-dies-five-weeks-after-dog-attack/10864514,,"""Man dies five weeks after Sydney dog attack""",,". Retrieved March 7, 2020","March 7,",https://web.archive.org/web/20190305090231/https://www.abc.net.au/news/2019-03-02/man-dies-five-weeks-after-dog-attack/10864514,Archived
https://www.smh.com.au/national/nsw/man-in-horrific-and-distressing-dog-attack-dies-20190302-p511cv.html,"Chung, Laura (March 2, 2019). ""Man in 'horrific and distressing' dog attack dies"". The Sydney Morning Herald. Archived from the original on June 13, 2019. Retrieved March 7, 2020.","""Man in 'horrific and distressing' dog attack dies""",The Sydney Morning Herald,". Retrieved March 7, 2020","March 7,",https://web.archive.org/web/20190613072313/https://www.smh.com.au/national/nsw/man-in-horrific-and-distressing-dog-attack-dies-20190302-p511cv.html,Archived
https://www.abc.net.au/news/2018-03-03/baby-dies-after-familys-rottweiler-dog-attacks-in-north-nsw/9506136,,"""One-year-old dies after attack by family's Rottweiler dog""",,". Retrieved March 7, 2020","March 7,",https://web.archive.org/web/20180922125636/http://www.abc.net.au/news/2018-03-03/baby-dies-after-familys-rottweiler-dog-attacks-in-north-nsw/9506136,Archived
https://www.dailytelegraph.com.au/technology/science/tribute-to-adored-tot-kamillah-killed-by-rottweiler/news-story/f7c5ea0cdf00bab5ad5d36b26248bccc,"""Rottweiler killed girl in her pram"". The Daily Telegraph. March 4, 2018. Archived from the original on May 12, 2018. Retrieved March 7, 2020.","""Rottweiler killed girl in her pram""",The Daily Telegraph,". Retrieved March 7, 2020","March 7,",https://web.archive.org/web/20180512074431/https://www.dailytelegraph.com.au/technology/science/tribute-to-adored-tot-kamillah-killed-by-rottweiler/news-story/f7c5ea0cdf00bab5ad5d36b26248bccc,Archived
https://www.smh.com.au/national/act/canberra-woman-died-after-own-dog-turned-on-her-20181130-p50jb8.html,"Back, Alexandra (November 29, 2018). ""Canberra woman died after own dog turned on her"". The Sydney Morning Herald. Retrieved October 20, 2023.","""Canberra woman died after own dog turned on her""",The Sydney Morning Herald,". Retrieved October 20, 2023","October 20,",,
https://www.canberratimes.com.au/story/5997306/fatal-attack-what-made-a-loyal-dog-turn-on-its-owner/,"Hannaford, Scott (January 11, 2019). ""Fatal attack: What made a loyal dog turn on its owner?"". The Canberra Times. Retrieved October 20, 2023.","""Fatal attack: What made a loyal dog turn on its owner?""",The Canberra Times,". Retrieved October 20, 2023","October 20,",,
https://www.nzherald.co.nz/world/terrified-screams-as-pet-pitbull-mauls-owner-to-death/4OROCKOLA7IMNI3XB6LWLRFVVA/,"""Pet pitbull mauls owner to death"". NZ Herald. October 20, 2023. Retrieved October 20, 2023.","""Pet pitbull mauls owner to death""",NZ Herald,". Retrieved October 20, 2023","October 20,",,
https://www.news24.com/news24/abused-dog-kills-owner-20110612,,"""Abused dog kills owner""",,,,,
https://noe.orf.at/stories/3228893/,"red, noe ORF at/Agenturen (October 18, 2023). ""Frau zwei Monate nach Hundeattacke gestorben"" [Woman dies two months after dog attack]. noe.ORF.at (in German). Retrieved October 19, 2023.","""Frau zwei Monate nach Hundeattacke gestorben""",noe.ORF.at,". Retrieved October 19, 2023","October 19,",,
https://noe.orf.at/stories/3217725/,"red, noe ORF at (July 27, 2023). ""Rottweiler-Attacke: Anzeige gegen Hundebesitzerin"" [Rottweiler attack: dog owner reported]. noe.ORF.at (in German). Retrieved October 19, 2023.","""Rottweiler-Attacke: Anzeige gegen Hundebesitzerin""",noe.ORF.at,". Retrieved October 19, 2023","October 19,",,
"https://www.nachrichten.at/panorama/chronik/nach-hundeattacke-in-wilfleinsdorf-frau-starb-im-spital;art58,3889837","""Nach Hundeattacke in Wilfleinsdorf: Frau (52) starb im Spital"" [After dog attack in Wilfleinsdorf: woman (52) died in hospital]. nachrichten.at (in German). Retrieved October 19, 2023.","""Nach Hundeattacke in Wilfleinsdorf: Frau (52) starb im Spital""",nachrichten.at,". Retrieved October 19, 2023","October 19,",,
https://www.derstandard.at/story/3000000191713/frau-starb-mehr-als-zwei-monate-nach-hundeattacke-in-n214-im-spital,"""Frau starb mehr als zwei Monate nach Hundeangriff im Krankenhaus"" [Woman dies in hospital more than two months after dog attack]. DER STANDARD (in Austrian German). Retrieved October 19, 2023.","""Frau starb mehr als zwei Monate nach Hundeangriff im Krankenhaus""",DER STANDARD,". Retrieved October 19, 2023","October 19,",,
https://kurier.at/chronik/niederoesterreich/toedliche-hundeattacke-hundetrainer-rottweiler-wiener-neustadt/402639017,"Wammerl, Patrick (October 19, 2023). ""Tödliche Hundeattacke: Erfahrener Trainer arbeitet mit Rottweiler-Hündin"" [Fatal dog attack: Experienced trainer works with female Rottweiler]. kurier.at (in German). Retrieved October 24, 2023.","""Tödliche Hundeattacke: Erfahrener Trainer arbeitet mit Rottweiler-Hündin""",kurier.at,". Retrieved October 24, 2023","October 24,",,
https://www.viennatimes.com/austria-news/fatal-dog-attack-shakes-naarn-tragedy-unfolds/,"Fischer, Lisa (October 3, 2023). ""Fatal Dog Attack Shakes Naarn: Tragedy Unfolds"". Vienna Times. Archived from the original on October 11, 2023. Retrieved October 11, 2023.","""Fatal Dog Attack Shakes Naarn: Tragedy Unfolds""",Vienna Times,". Retrieved October 11, 2023","October 11,",https://web.archive.org/web/20231011093102/https://www.viennatimes.com/austria-news/fatal-dog-attack-shakes-naarn-tragedy-unfolds/,Archived
https://www.heute.at/s/tiere-haustiere-hundexpertin-kein-hund-wird-als-killer-geboren-100294525,"Kaltenecker, Christine (October 3, 2023). ""Expertin erklärt, wie es zur Attacke kommen konnte"" [Expert explains how the attack could have come about]. Heute (in German). Archived from the original on October 5, 2023. Retrieved October 10, 2023.","""Expertin erklärt, wie es zur Attacke kommen konnte""",Heute,". Retrieved October 10, 2023","October 10,",https://web.archive.org/web/20231005140935/https://www.heute.at/s/tiere-haustiere-hundexpertin-kein-hund-wird-als-killer-geboren-100294525,Archived
https://www.pedigreedatabase.com/american_staffordshire_terrier/dog.html?id=2915332-always-remember-of-hopeful-soul%3F_v%3D20200417033815,"""Always Remember of Hopeful Soul"". www.pedigreedatabase.com (in German). Archived from the original on October 11, 2023. Retrieved October 11, 2023.","""Always Remember of Hopeful Soul""",www.pedigreedatabase.com,". Retrieved October 11, 2023","October 11,",http://www.pedigreedatabase.com/american_staffordshire_terrier/dog.html?id=2915332-always-remember-of-hopeful-soul?_v=20200417033815,Archived
https://www.meinbezirk.at/perg/c-lokales/spuren-dreier-hunde-am-koerper-von-getoeteter-joggerin_a6468118,"""DNA-Analyse: Spuren dreier Hunde am Körper von getöteter Joggerin"" [DNA-analysis: Traces of three dogs on the body of the jogger who was killed]. MeinBezirk.at (in German). January 10, 2024. Retrieved January 11, 2024.","""DNA-Analyse: Spuren dreier Hunde am Körper von getöteter Joggerin""",MeinBezirk.at,". Retrieved January 11, 2024","January 11,",,
https://www.courthousenews.com/austrian-army-says-soldier-mauled-to-death-by-service-dogs/,"""Austrian Army Says Soldier Mauled to Death by Service Dogs"". Courthouse News Service. November 14, 2019. Archived from the original on June 1, 2023. Retrieved October 10, 2023.","""Austrian Army Says Soldier Mauled to Death by Service Dogs""",Courthouse News Service,". Retrieved October 10, 2023","October 10,",https://web.archive.org/web/20230601152328/https://www.courthousenews.com/austrian-army-says-soldier-mauled-to-death-by-service-dogs/,Archived
https://www.vienna.at/saldat-von-hunden-getoetet-ermittlungsverfahren-eingestellt/6852942,"""Soldat von Hunden getötet: Ermittlungsverfahren eingestellt"" [Soldier killed by dogs: investigation closed]. vienna.at (in German). December 30, 2020. Archived from the original on December 31, 2020. Retrieved October 10, 2023.","""Soldat von Hunden getötet: Ermittlungsverfahren eingestellt""",vienna.at,". Retrieved October 10, 2023","October 10,",https://web.archive.org/web/20201231170632/https://www.vienna.at/saldat-von-hunden-getoetet-ermittlungsverfahren-eingestellt/6852942,Archived
https://abc7news.com/austrian-fatal-dog-attack-toddler-sentencing-woman-sentenced-in-on-vienna-sentence/5216590/,"""Austrian court jails woman over fatal dog attack on toddler"". abc7news. March 25, 2019. Archived from the original on October 11, 2023. Retrieved October 11, 2023.","""Austrian court jails woman over fatal dog attack on toddler""",abc7news,". Retrieved October 11, 2023","October 11,",https://web.archive.org/web/20231011102332/https://abc7news.com/austrian-fatal-dog-attack-toddler-sentencing-woman-sentenced-in-on-vienna-sentence/5216590/,Archived
https://www.news24.com/you/news/grieving-family-calls-for-muzzles-for-all-dogs-after-sons-death-20181012,"""Grieving family calls for muzzles for all dogs after son's death"". News24. October 12, 2018. Archived from the original on October 11, 2023. Retrieved October 10, 2023.","""Grieving family calls for muzzles for all dogs after son's death""",News24,". Retrieved October 10, 2023","October 10,",https://web.archive.org/web/20231011102951/https://www.news24.com/you/news/grieving-family-calls-for-muzzles-for-all-dogs-after-sons-death-20181012,Archived
https://www.derstandard.at/story/1399507353820/burgenlaenderin-starb-im-spital-nach-hundebiss,"""Burgenländerin starb im Spital nach Hundebiss: Staatsanwaltschaft ermittelt"" [Burgenland woman died in hospital after dog bite: public prosecutor's office is investigating]. DER STANDARD (in Austrian German). Retrieved October 19, 2023.","""Burgenländerin starb im Spital nach Hundebiss: Staatsanwaltschaft ermittelt""",DER STANDARD,". Retrieved October 19, 2023","October 19,",,
https://www.oe24.at/oesterreich/chronik/burgenland/waisenhunde-suchen-ein-neues-heim/143425823,"""Waisenhunde suchen ein neues Heim"" [Orphan dogs are looking for a new home]. www.oe24.at (in German). May 15, 2014. Retrieved October 19, 2023.","""Waisenhunde suchen ein neues Heim""",www.oe24.at,". Retrieved October 19, 2023","October 19,",,
https://web.archive.org/web/20210303184223/https://www.vienna.at/n-frau-von-zwei-rottweilern-totgebissen/1890181,"""NÖ: Frau von zwei Rottweilern totgebissen"" [Lower Austria: Woman bitten to death by two Rottweilers]. Vienna Online (in German). March 7, 2020. Archived from the original on March 3, 2021. Retrieved October 11, 2023.","""NÖ: Frau von zwei Rottweilern totgebissen""",Vienna Online,". Retrieved October 11, 2023","October 11,",https://www.vienna.at/n-frau-von-zwei-rottweilern-totgebissen/1890181,the original
https://web.archive.org/web/20231011103246/https://www.abendblatt.de/vermischtes/article107588697/Rottweiler-Odin-beisst-Kind-tot.html,"""Rottweiler Odin beisst Kind tot"" [Rottweiler Odin bites child to death]. Hamburger Abendblatt (in German). November 13, 2009. Archived from the original on October 11, 2023. Retrieved October 10, 2023.","""Rottweiler Odin beisst Kind tot""",Hamburger Abendblatt,". Retrieved October 10, 2023","October 10,",https://www.abendblatt.de/vermischtes/article107588697/Rottweiler-Odin-beisst-Kind-tot.html,the original
https://kurier.at/chronik/niederoesterreich/einjaehriges-maedchen-von-rottweiler-getoetet/713.201,"""Einjähriges Mädchen von Rottweiler getötet"" [One-year-old girl killed by Rottweiler]. kurier.at (in German). December 5, 2011. Retrieved October 24, 2023.","""Einjähriges Mädchen von Rottweiler getötet""",kurier.at,". Retrieved October 24, 2023","October 24,",,
https://noev1.orf.at/stories/402987,"""Nach Biss: Rottweiler eingeschläfert"" [After bite: Rottweiler euthanized]. noev1.orf.at. April 11, 2012. Retrieved October 24, 2023.","""Nach Biss: Rottweiler eingeschläfert""",noev1.orf.at,". Retrieved October 24, 2023","October 24,",,
https://www.iol.co.za/capetimes/news/pit-bull-attack-claims-mans-life-aef38a9f-a6c3-464b-829b-c1f8d5cbe71e,"Nicola, Daniels (November 23, 2023). ""Pit bull attack claims man's life"". IOL. Retrieved January 16, 2024.","""Pit bull attack claims man's life""",IOL,". Retrieved January 16, 2024","January 16,",,
https://www.news24.com/news24/southafrica/news/boy-5-killed-by-dangerous-pit-bulls-after-they-escaped-and-ended-up-on-the-streets-20230413,"Dayimani, Malibongwe. ""Boy, 5, killed by 'dangerous' pit bulls after 'they escaped and ended up on the streets'"". News24. Retrieved November 9, 2023.","""Boy, 5, killed by 'dangerous' pit bulls after 'they escaped and ended up on the streets'""",News24,". Retrieved November 9, 2023","November 9,",,
https://www.timeslive.co.za/news/south-africa/2023-03-29-neighbours-pit-bulls-allegedly-maul-88-year-old-to-death/,"Nombembe, Philani (March 29, 2023). ""'Neighbour's' pit bulls allegedly maul 88-year-old to death"". TimesLIVE. Retrieved November 9, 2023.","""'Neighbour's' pit bulls allegedly maul 88-year-old to death""",TimesLIVE,". Retrieved November 9, 2023","November 9,",,
https://www.mirror.co.uk/news/world-news/football-star-mauled-death-three-28915370,"""Football star mauled to death by three of his own dogs after wife finds him bitten"". Mirror. Retrieved January 11, 2023.","""Football star mauled to death by three of his own dogs after wife finds him bitten""",Mirror,". Retrieved January 11, 2023","January 11,",,
https://www.thesouthafrican.com/news/wife-discovers-ex-footballer-husband-mauled-pitbulls-9-january-2023/,"Naile, Siso (January 9, 2023). ""Wife discovers ex-footballer husband mauled by Pitbulls"". The South African. Retrieved November 4, 2023.","""Wife discovers ex-footballer husband mauled by Pitbulls""",The South African,". Retrieved November 4, 2023","November 4,",,
https://www.timeslive.co.za/news/south-africa/2023-01-01-woman-dies-after-being-mauled-by-two-pit-bulls-in-limpopo/,"Tshikalange, Shonisani. ""Woman dies after being mauled by two pit bulls in Limpopo"". TimesLIVE. Retrieved October 27, 2023.","""Woman dies after being mauled by two pit bulls in Limpopo""",TimesLIVE,". Retrieved October 27, 2023","October 27,",,
https://www.news24.com/news24/southafrica/news/deadly-pit-bull-attack-dog-owner-remains-in-custody-20230106,"Khumalo, Zandile. ""Deadly pit bull attack: Dog owner remains in custody"". News24. Retrieved October 27, 2023.","""Deadly pit bull attack: Dog owner remains in custody""",News24,". Retrieved October 27, 2023","October 27,",,
https://www.sowetanlive.co.za/news/south-africa/2023-01-13-owner-of-rottweilers-which-mauled-woman-to-death-reluctant-to-surrender-pets/,"Mahopo, Zoe (January 13, 2023). ""Owner of rottweilers which mauled woman to death reluctant to surrender 'pets'"". SowetanLIVE. Retrieved November 4, 2023.","""Owner of rottweilers which mauled woman to death reluctant to surrender 'pets'""",SowetanLIVE,". Retrieved November 4, 2023","November 4,",,
https://www.timeslive.co.za/news/south-africa/2022-12-04-north-west-man-mauled-to-death-by-two-pit-bulls-guarding-local-tavern/,"Govender, Suthentira. ""North West man mauled to death by two pit bulls guarding local tavern"". TimesLIVE. Retrieved October 27, 2023.","""North West man mauled to death by two pit bulls guarding local tavern""",TimesLIVE,". Retrieved October 27, 2023","October 27,",,
"https://www.talkofthetown.co.za/2022/11/29/family-of-dog-attack-victim-speaks-out/,%20https://www.talkofthetown.co.za/2022/11/29/family-of-dog-attack-victim-speaks-out/","Qinga, Faith (November 29, 2022). ""Family of dog attack victim speaks out - Talk of the Town"". Retrieved November 9, 2023.","""Family of dog attack victim speaks out - Talk of the Town""",,". Retrieved November 9, 2023","November 9,",,
https://www.timeslive.co.za/news/south-africa/2022-11-13-eight-year-old-boy-mauled-to-death-by-neighbours-pit-bull-in-bloemfontein/,"Tshikalange, Shonisani (November 22, 2022). ""Eight-year-old boy mauled to death by neighbour's pit bull in Bloemfontein"". TimesLIVE. Retrieved November 4, 2023.","""Eight-year-old boy mauled to death by neighbour's pit bull in Bloemfontein""",TimesLIVE,". Retrieved November 4, 2023","November 4,",,
https://centralnews.co.za/two-pitbulls-kills-a-three-year-old-boy-in-hennenman/,"""Two pitbulls kills a three-year-old boy in Hennenman"". TimesLIVE. Retrieved December 4, 2022.","""Two pitbulls kills a three-year-old boy in Hennenman""",TimesLIVE,". Retrieved December 4, 2022","December 4,",,
https://centralnews.co.za/two-pitbulls-kills-a-three-year-old-boy-in-hennenman/,"""Two pitbulls kills a three-year-old boy in Hennenman, Free State, South Africa"".","""Two pitbulls kills a three-year-old boy in Hennenman, Free State, South Africa""",,,,,
https://www.citizen.co.za/news/gqeberha-boy-10-mauled-to-death-by-two-pit-bulls/,"Phooko, Kgomotso (September 27, 2022). ""Gqeberha boy mauled to death by pitbulls"". The Citizen. Retrieved November 4, 2023.","""Gqeberha boy mauled to death by pitbulls""",The Citizen,". Retrieved November 4, 2023","November 4,",,
https://www.sowetanlive.co.za/news/south-africa/2022-11-25-toddler-shaken-like-a-rag-doll-by-pitbull/,"""Toddler shaken 'like a rag doll' by pitbull"". SowetanLIVE. Retrieved November 9, 2023.","""Toddler shaken 'like a rag doll' by pitbull""",SowetanLIVE,". Retrieved November 9, 2023","November 9,",,
https://www.timeslive.co.za/news/south-africa/2022-05-17-my-daughter-is-lying-in-a-forensic-lab-says-dad-of-atteridgeville-girl-killed-by-pit-bull/,"Tshikalange, Shonisani (May 17, 2022). ""My daughter is lying in a forensic lab, says dad of Atteridgeville girl killed by pit bull"". TimesLIVE. Retrieved November 4, 2023.","""My daughter is lying in a forensic lab, says dad of Atteridgeville girl killed by pit bull""",TimesLIVE,". Retrieved November 4, 2023","November 4,",,
https://www.timeslive.co.za/news/south-africa/2021-12-20-girl-3-mauled-to-death-after-pit-bull-escapes-through-broken-gate/,"Pijoos, Iavan (December 20, 2021). ""Girl, 3, mauled to death after pit bull 'escapes through broken gate'"". TimesLIVE. Retrieved November 4, 2023.","""Girl, 3, mauled to death after pit bull 'escapes through broken gate'""",TimesLIVE,". Retrieved November 4, 2023","November 4,",,
https://www.capetownetc.com/news/child-4-mauled-to-death-by-two-pitbulls-in-gugulethu/,"""Child (4) mauled to death by two pit bulls in Gugulethu"". www.capetownetc.com. Retrieved November 4, 2023.","""Child (4) mauled to death by two pit bulls in Gugulethu""",www.capetownetc.com,". Retrieved November 4, 2023","November 4,",,
https://www.iol.co.za/capeargus/news/deaf-mute-boy-from-hanover-park-dies-after-being-mauled-by-pit-bull-ffa501e1-ca92-448d-9e36-c3e256590081,"Thebus, Shakirah (October 28, 2020). ""Deaf, mute boy from Hanover Park dies after being mauled by pit bull"". www.iol.co.za. Retrieved November 12, 2023.","""Deaf, mute boy from Hanover Park dies after being mauled by pit bull""",www.iol.co.za,". Retrieved November 12, 2023","November 12,",,
https://www.dailyvoice.co.za/news/mute-boy-3-mauled-to-death-in-horror-pit-bull-attack-60344898-b6d0-44ed-ae1e-deaf4dbf9c96,"""Mute boy, 3, mauled to death in horror pit bull attack"". www.dailyvoice.co.za. Retrieved November 12, 2023.","""Mute boy, 3, mauled to death in horror pit bull attack""",www.dailyvoice.co.za,". Retrieved November 12, 2023","November 12,",,
https://www.timeslive.co.za/news/south-africa/2020-10-20-port-elizabeth-woman-64-dies-after-pit-bull-attack/,"Kathryn, Kimberley. ""Port Elizabeth woman, 64, dies after pit bull attack"". TimesLIVE. Retrieved November 9, 2023.","""Port Elizabeth woman, 64, dies after pit bull attack""",TimesLIVE,". Retrieved November 9, 2023","November 9,",,
https://www.timeslive.co.za/news/south-africa/2020-09-16-pietermaritzburg-toddler-attacked-by-pit-bull-has-died-in-hospital/,"Shange, Naledi (September 16, 2020). ""Pietermaritzburg toddler attacked by pit bull has died in hospital"". www.timeslive.co.za. Retrieved November 9, 2023.","""Pietermaritzburg toddler attacked by pit bull has died in hospital""",www.timeslive.co.za,". Retrieved November 9, 2023","November 9,",,
https://www.timeslive.co.za/news/south-africa/2019-09-27-pitbulls-suspected-as-dead-man-with-wounds-to-his-face-found-in-pe-park/,"""Pitbulls suspected as dead man with wounds to his face found in PE park"". TimesLIVE. Archived from the original on October 1, 2019. Retrieved March 7, 2020.","""Pitbulls suspected as dead man with wounds to his face found in PE park""",TimesLIVE,". Retrieved March 7, 2020","March 7,",https://web.archive.org/web/20191001003355/https://www.timeslive.co.za/news/south-africa/2019-09-27-pitbulls-suspected-as-dead-man-with-wounds-to-his-face-found-in-pe-park/,Archived
https://ewn.co.za/2019/09/27/ec-man-48-dies-after-being-attacked-by-dogs,"Kassen, Jarita. ""EC man (48) dies after being attacked by dogs"". ewn.co.za. Archived from the original on September 30, 2019. Retrieved March 7, 2020.","""EC man (48) dies after being attacked by dogs""",ewn.co.za,". Retrieved March 7, 2020","March 7,",https://web.archive.org/web/20190930204754/https://ewn.co.za/2019/09/27/ec-man-48-dies-after-being-attacked-by-dogs,Archived
https://rekordnorth.co.za/153392/family-traumatised-daughter-9-killed-pitbull/,"""Family traumatised as daughter (9) killed by pitbull"". June 18, 2019. Archived from the original on October 18, 2020. Retrieved March 7, 2020.","""Family traumatised as daughter (9) killed by pitbull""",,". Retrieved March 7, 2020","March 7,",https://web.archive.org/web/20201018030347/https://rekordeast.co.za/319220/family-traumatised-daughter-9-killed-pitbull,Archived
http://www.dogsbitedecatural.com/2019/06/mabopane-south-africa-gontse-ramarimela.html,"""MABOPANE SOUTH AFRICA - GONTSE RAMARIMELA, 9, WAS FATALLY MAULED BY A NEIGHBOR'S PIT BULL THAT KEPT JUMPING OVER A FENCE INTO THEIR YARD"". June 18, 2019. Archived from the original on August 6, 2020. Retrieved March 7, 2020.","""MABOPANE SOUTH AFRICA - GONTSE RAMARIMELA, 9, WAS FATALLY MAULED BY A NEIGHBOR'S PIT BULL THAT KEPT JUMPING OVER A FENCE INTO THEIR YARD""",,". Retrieved March 7, 2020","March 7,",https://web.archive.org/web/20200806004354/http://www.dogsbitedecatural.com/2019/06/mabopane-south-africa-gontse-ramarimela.html,Archived
https://ewn.co.za/2019/05/21/limpopo-police-condemn-circumstances-around-toddler-s-fatal-mauling,"Patel, Faizel. ""Limpopo police condemn circumstances around toddler's fatal mauling"". ewn.co.za. Archived from the original on October 18, 2020. Retrieved March 7, 2020.","""Limpopo police condemn circumstances around toddler's fatal mauling""",ewn.co.za,". Retrieved March 7, 2020","March 7,",https://web.archive.org/web/20201018030348/https://ewn.co.za/2019/05/21/limpopo-police-condemn-circumstances-around-toddler-s-fatal-mauling,Archived
https://tabloidmedia.co.za/dog-mauled-dad-dies/,"""Dog mauled dad dies • Tabloid Newspapers"". tabloidmedia.co.za. January 21, 2019. Retrieved November 7, 2023.","""Dog mauled dad dies • Tabloid Newspapers""",tabloidmedia.co.za,". Retrieved November 7, 2023","November 7,",,
https://www.capetalk.co.za/articles/329817/plea-to-owners-of-power-breed-dogs-after-child-mauled-to-death,"""Plea to owners of 'power breed' dogs after child mauled to death"". CapeTalk. Archived from the original on February 23, 2020. Retrieved October 18, 2020.","""Plea to owners of 'power breed' dogs after child mauled to death""",CapeTalk,". Retrieved October 18, 2020","October 18,",https://web.archive.org/web/20200223063228/http://www.capetalk.co.za/articles/329817/plea-to-owners-of-power-breed-dogs-after-child-mauled-to-death,Archived
https://www.702.co.za/articles/329817/plea-to-owners-of-power-breed-dogs-after-child-mauled-to-death,"""Plea to owners of 'power breed' dogs after child mauled to death"". 702. Archived from the original on December 6, 2018. Retrieved October 18, 2020.","""Plea to owners of 'power breed' dogs after child mauled to death""",702,". Retrieved October 18, 2020","October 18,",https://web.archive.org/web/20181206125139/http://www.702.co.za/articles/329817/plea-to-owners-of-power-breed-dogs-after-child-mauled-to-death,Archived
https://www.iol.co.za/news/south-africa/gauteng/pit-bull-owners-urged-to-leash-in-their-dogs-after-babys-death-11855346,"Smillie, Shaun (November 4, 2017). ""Pit bull owners urged to leash in their dogs after baby's death"". www.iol.co.za. Retrieved November 12, 2023.","""Pit bull owners urged to leash in their dogs after baby's death""",www.iol.co.za,". Retrieved November 12, 2023","November 12,",,
https://www.sott.net/article/358107-Girl-dies-following-attack-by-pit-bull-terrier-in-Durban-South-Africa,"Dawood, Zainul (August 2, 2017). ""Girl dies following attack by pit bull terrier in Durban, South Africa"". www.sott.net. Retrieved November 12, 2023.","""Girl dies following attack by pit bull terrier in Durban, South Africa""",www.sott.net,". Retrieved November 12, 2023","November 12,",,
https://www.iol.co.za/news/south-africa/kwazulu-natal/pit-bull-kills-child-mauls-sibling-7417778,"Se, Anne Rall (January 16, 2017). ""Pit bull kills child, mauls sibling"". www.iol.co.za. Retrieved November 12, 2023.","""Pit bull kills child, mauls sibling""",www.iol.co.za,". Retrieved November 12, 2023","November 12,",,
https://ewn.co.za/2017/04/04/wc-girl-11-dies-following-pitbull-attack,"Fisher, Shamiela. ""WC girl (11) dies following pitbull attack"". ewn.co.za. Archived from the original on August 3, 2018. Retrieved March 7, 2020.","""WC girl (11) dies following pitbull attack""",ewn.co.za,". Retrieved March 7, 2020","March 7,",https://web.archive.org/web/20180803044455/http://ewn.co.za/2017/04/04/wc-girl-11-dies-following-pitbull-attack,Archived
https://www.iol.co.za/news/south-africa/western-cape/pit-bull-mauled-baby-for-no-reason-2062015,"""Pit bull mauled baby 'for no reason'"". www.iol.co.za. Archived from the original on June 15, 2017. Retrieved March 7, 2020.","""Pit bull mauled baby 'for no reason'""",www.iol.co.za,". Retrieved March 7, 2020","March 7,",https://web.archive.org/web/20170615043443/http://www.iol.co.za/news/south-africa/western-cape/pit-bull-mauled-baby-for-no-reason-2062015,Archived
https://ewn.co.za/2016/09/01/Stellenbosch-boy-dies-after-attack-by-two-dogs,"Roux, Ilze-Marie Le. ""Stellenbosch boy (6) dies after attack by two dogs"". ewn.co.za. Archived from the original on August 30, 2017. Retrieved March 7, 2020.","""Stellenbosch boy (6) dies after attack by two dogs""",ewn.co.za,". Retrieved March 7, 2020","March 7,",https://web.archive.org/web/20170830033528/http://ewn.co.za/2016/09/01/Stellenbosch-boy-dies-after-attack-by-two-dogs,Archived
https://ewn.co.za/2016/08/17/Four-year-old-dies-after-being-attacked-by-family-dog-in-Oudtshoorn,"Isaacs, Lauren. ""Boy (4) dies after attack by family dog"". ewn.co.za. Archived from the original on October 24, 2016. Retrieved March 7, 2020.","""Boy (4) dies after attack by family dog""",ewn.co.za,". Retrieved March 7, 2020","March 7,",https://web.archive.org/web/20161024234144/http://ewn.co.za/2016/08/17/Four-year-old-dies-after-being-attacked-by-family-dog-in-Oudtshoorn,Archived
https://www.sowetanlive.co.za/news/2016-08-17-oudtshoorn-child-killed-by-family-dog/,"""Oudtshoorn child killed by family dog"". SowetanLIVE. Retrieved November 12, 2023.","""Oudtshoorn child killed by family dog""",SowetanLIVE,". Retrieved November 12, 2023","November 12,",,
https://www.iol.co.za/news/south-africa/kwazulu-natal/woman-killed-by-her-familys-pet-dogs-2014636,"Peters, Sherlissa (April 16, 2016). ""Woman killed by her family's pet dogs"". ION. Retrieved November 7, 2023.","""Woman killed by her family's pet dogs""",ION,". Retrieved November 7, 2023","November 7,",,
https://www.citizen.co.za/ridge-times/lnn/article/we-will-never-own-dogs-again-says-grieving-dad/,"""""We will never own dogs again"" says grieving dad - LNN"". Ridge Times. Retrieved November 7, 2023.","""""We will never own dogs again"" says grieving dad - LNN""",Ridge Times,". Retrieved November 7, 2023","November 7,",,
https://www.iol.co.za/news/south-africa/man-sees-boerboel-rip-wife-to-death-242363,"Mbanjwa, Xolani (May 29, 2005). ""Man sees boerboel rip wife to death"". IOL. Retrieved November 7, 2023.","""Man sees boerboel rip wife to death""",IOL,". Retrieved November 7, 2023","November 7,",,
https://murciatoday.com/murcia-woman-96-dies-after-being-attacked-by-dogs_2273919-a.html,"""Murcia woman, 96, dies after being attacked by dogs"". murciatoday.com. Retrieved January 11, 2024.","""Murcia woman, 96, dies after being attacked by dogs""",murciatoday.com,". Retrieved January 11, 2024","January 11,",,
https://www.elespanol.com/reportajes/20231030/josefa-bravo-murio-anos-atacada-casa-alguazas-murcia-perras-raza-peligrosa/805919401_0.html,"""Josefa Bravo murió con 96 años atacada en su casa de Alguazas (Murcia) por dos perras de raza peligrosa"". El Español (in Spanish). October 30, 2023. Retrieved January 11, 2024.","""Josefa Bravo murió con 96 años atacada en su casa de Alguazas (Murcia) por dos perras de raza peligrosa""",El Español,". Retrieved January 11, 2024","January 11,",,
https://www.theolivepress.es/spain-news/2023/10/25/nurse-27-is-mauled-to-death-by-five-dogs-in-spain-victim-screamed-they-are-chasing-me-in-tragic-last-phone-call-with-her-mother/,"Dollimore, Laurence (October 25, 2023). ""Nurse, 27, is mauled to death by FIVE dogs in Spain: Victim screamed 'they are chasing me' in tragic last phone call with her mother"". Olive Press News Spain. Retrieved December 1, 2023.","""Nurse, 27, is mauled to death by FIVE dogs in Spain: Victim screamed 'they are chasing me' in tragic last phone call with her mother""",Olive Press News Spain,". Retrieved December 1, 2023","December 1,",,
https://euroweeklynews.com/2023/10/23/27-year-old-woman-dies-attacked-pack-hunting-dogs-zamora/,"""UPDATE: Breeds of dogs that attacked and killed a young nurse in Zamora revealed"". Euro Weekly News. October 23, 2023. Retrieved December 1, 2023.","""UPDATE: Breeds of dogs that attacked and killed a young nurse in Zamora revealed""",Euro Weekly News,". Retrieved December 1, 2023","December 1,",,
https://www.elespanol.com/reportajes/20230228/anne-pitbull-abandonado-acogio-valencia-no-cabiaenlaperrera/744675803_0.html,"""A Anne la mató el pitbull abandonado que acogió en su casa de Valencia porque no cabía en la perrera"". El Español (in Spanish). February 28, 2023. Retrieved January 11, 2024.","""A Anne la mató el pitbull abandonado que acogió en su casa de Valencia porque no cabía en la perrera""",El Español,". Retrieved January 11, 2024","January 11,",,
https://www.elespanol.com/sociedad/sucesos/20230227/mujer-muere-valencia-ataque-pitbull-sin-destrozolosbrazos/744675644_0.html,"""Una mujer muere en Valencia por el ataque de un pitbull sin chip que le destrozó los brazos"". El Español (in Spanish). February 27, 2023. Retrieved January 11, 2024.","""Una mujer muere en Valencia por el ataque de un pitbull sin chip que le destrozó los brazos""",El Español,". Retrieved January 11, 2024","January 11,",,
https://euroweeklynews.com/2022/04/30/dog-owner-killed-by-his-own-pet-in-castellon-province/,"King, Chris (April 30, 2022). ""Dog owner killed by his own pet in Castellon province"". Euro Weekly News. Retrieved January 12, 2024.","""Dog owner killed by his own pet in Castellon province""",Euro Weekly News,". Retrieved January 12, 2024","January 12,",,
https://www.elmundo.es/comunidad-valenciana/castellon/2022/05/05/6272c1acfdddffbb7c8b4570.html,"Hernández, Carmen (May 5, 2022). ""La causa judicial por la muerte de un joven atacado por su perro pitbull en Nules, camino del archivo"" [The court case for the death of a young man attacked by his pit bull dog in Nules, soon completed] (in Spanish). El Mundo. Retrieved January 12, 2024.","""La causa judicial por la muerte de un joven atacado por su perro pitbull en Nules, camino del archivo""",,". Retrieved January 12, 2024","January 12,",,
https://www.lavanguardia.com/local/girona/20210110/6178656/muere-hombre-ataque-perro-cassa-de-la-selva.html,"""Muere un hombre de 32 años por el ataque de un perro de raza peligrosa en Cassà de la Selva"" [A 32-year-old man dies from an attack by a dangerous breed dog in Cassà de la Selva]. La Vanguardia (in Spanish). January 10, 2021. Retrieved January 18, 2024.","""Muere un hombre de 32 años por el ataque de un perro de raza peligrosa en Cassà de la Selva""",La Vanguardia,". Retrieved January 18, 2024","January 18,",,
https://www.elmundo.es/madrid/2017/04/19/58f78981e2704e0b2c8b4655.html,"""Una mujer de 40 aÒos muere en El Molar tras ser atacada por su perro de presa canario"". ELMUNDO. April 19, 2017. Archived from the original on January 30, 2018. Retrieved March 7, 2020.","""Una mujer de 40 aÒos muere en El Molar tras ser atacada por su perro de presa canario""",ELMUNDO,". Retrieved March 7, 2020","March 7,",https://web.archive.org/web/20180130110359/http://www.elmundo.es/madrid/2017/04/19/58f78981e2704e0b2c8b4655.html,Archived
https://oaxaca.quadratin.com.mx/mata-pitbull-a-hombre-en-silla-de-ruedas-en-salina-cruz/,,"""Pit bull kills man in wheelchair in Salina Cruz""",,". Retrieved August 27, 2023","August 27,",,
https://noticias.r7.com/cidades/mulher-morre-apos-ser-atacada-pelo-proprio-pit-bull-em-goias-11072023?amp,,"""Mulher morre após ser atacada pelo próprio pit bull em Goiás""",,". Retrieved August 1, 2023","August 1,",,
https://www.abordagemnoticias.com/noticia/9656/paraguacu-paulista-casal-e-atacado-por-pit-bull-e-mulher-morre,,"""Paraguaçu Paulista: Casal é atacado por Pit Bull e mulher morre""",,". Retrieved August 1, 2023","August 1,",,
https://noticias.r7.com/sao-paulo/bebe-de-tres-meses-morre-apos-ser-atacado-por-pitbull-em-sao-paulo-08062023,,"""Three-month-old baby dies after being attacked by pitbull in São Paulo""",,". Retrieved August 27, 2023","August 27,",,
https://www.elheraldodechihuahua.com.mx/local/madera/fallece-nino-de-4-anos-tras-ser-atacado-por-perros-en-temosachic-10129380.html,"Pérez, René (May 27, 2023). ""Fallece niño de 4 años tras ser atacado por perros en Temósachic"" [4-year-old boy dies after being attacked by dogs in Temósachic]. El Heraldo de Chihuahua (in Spanish). Retrieved November 9, 2023.","""Fallece niño de 4 años tras ser atacado por perros en Temósachic""",El Heraldo de Chihuahua,". Retrieved November 9, 2023","November 9,",,
http://www.guardian.co.tt/news/pet-rottweiler-kills-owner-during-snack-time-6.2.1278616.8033a463b2,"""Pet Rottweiler kills owner during snack time"". www.guardian.co.tt. Retrieved November 4, 2023.","""Pet Rottweiler kills owner during snack time""",www.guardian.co.tt,". Retrieved November 4, 2023","November 4,",,
https://www.elimparcial.com/mexicali/mexicali/Pitbull-mata-a-un-hombre-en-la-colonia-Carranza-20201002-0024.html,"""Pitbull mata a un hombre en la colonia Carranza"" [Pitbull kills a man in the Carranza neighborhood]. www.elimparcial.com (in European Spanish). October 3, 2020. Retrieved November 11, 2023.","""Pitbull mata a un hombre en la colonia Carranza""",www.elimparcial.com,". Retrieved November 11, 2023","November 11,",,
https://elindependienteenlinea.com.mx/perro-pitbull-mata-a-una-trabajadora-domestica-de-la-tercera-edad/,"Roja, Nota (May 25, 2020). ""Perro pitbull mata a una trabajadora doméstica de la tercera edad | elindependienteenlinea.com.mx"" [Pit bull kills elderly domestic worker]. elindependienteenlinea.com.mx. Retrieved November 11, 2023.","""Perro pitbull mata a una trabajadora doméstica de la tercera edad | elindependienteenlinea.com.mx""",elindependienteenlinea.com.mx,". Retrieved November 11, 2023","November 11,",,
https://mexiconewsdaily.com/news/pitbull-attacks-kills-2-year-old-child/,"""Pitbull attacks, kills two-year-old child in Mexico City"". July 2, 2019. Archived from the original on August 12, 2020. Retrieved March 7, 2020.","""Pitbull attacks, kills two-year-old child in Mexico City""",,". Retrieved March 7, 2020","March 7,",https://web.archive.org/web/20200812183620/https://mexiconewsdaily.com/news/pitbull-attacks-kills-2-year-old-child/,Archived
https://www.elsoldemexico.com.mx/metropoli/cdmx/pitbull-mata-a-mordidas-a-nino-en-iztapalapa-un-ano-3839422.html,"""Pitbull mata a mordidas a niño en Iztapalapa"" [Pitbull bites a child to death in Iztapalapa]. El Sol de México (in Spanish). July 1, 2019. Retrieved November 11, 2023.","""Pitbull mata a mordidas a niño en Iztapalapa""",El Sol de México,". Retrieved November 11, 2023","November 11,",,
https://www.24-horas.mx/2019/07/01/pitbull-mata-a-mordidas-a-nino-de-dos-anos-en-iztapalapa/,"Bermúdez, Juan (July 2, 2019). ""Pitbull mata a mordidas a niño de dos años en Iztapalapa"" [Pitbull bites a two-year-old child to death in Iztapalapa]. 24 Horas (in Mexican Spanish). Retrieved November 11, 2023.","""Pitbull mata a mordidas a niño de dos años en Iztapalapa""",24 Horas,". Retrieved November 11, 2023","November 11,",,
https://roma.corriere.it/notizie/cronaca/24_febbraio_11/sbranato-e-ucciso-da-tre-rottweiler-a-manziana-mentre-fa-jogging-i-cani-scappati-da-un-giardino-404b2c55-5129-4a38-a8ac-6f870b15bxlk.shtml,"Frignani, Rinaldo (February 11, 2024). ""Roma, sbranato da tre rottweiler mentre fa jogging: morto un 39enne a Manziana. Trovati, sedati e catturati i cani"" [Rome, mauled by three rottweilers while jogging: a 39-year-old dies in Manziana. The dogs were found, sedated and captured]. Corriere della Sera (in Italian). Retrieved February 11, 2024.","""Roma, sbranato da tre rottweiler mentre fa jogging: morto un 39enne a Manziana. Trovati, sedati e catturati i cani""",Corriere della Sera,". Retrieved February 11, 2024","February 11,",,
https://www.francebleu.fr/infos/faits-divers-justice/attaque-mortelle-d-un-rottweiler-un-chien-n-attaque-pas-pour-rien-estime-une-educatrice-canin-4016710,"""Attaque mortelle d'un rottweiler : ""Un chien n'attaque pas pour rien"" estime une éducatrice canin - France Bleu"". ici, par France Bleu et France 3 (in French). January 2, 2024. Retrieved January 11, 2024.","""Attaque mortelle d'un rottweiler : ""Un chien n'attaque pas pour rien"" estime une éducatrice canin - France Bleu""","ici, par France Bleu et France 3",". Retrieved January 11, 2024","January 11,",,
https://www.lefigaro.fr/faits-divers/maine-et-loire-un-homme-tue-par-son-rottweiler-son-ami-blesse-20231230,"""Maine-et-Loire: un homme tué par son Rottweiler, son ami blessé"". Le Figaro (in French). December 30, 2023. Retrieved January 11, 2024.","""Maine-et-Loire: un homme tué par son Rottweiler, son ami blessé""",Le Figaro,". Retrieved January 11, 2024","January 11,",,
https://www.typosthes.gr/thessaloniki/335342_thessaloniki-blepame-syhna-ta-skylia-na-bgainoyn-apo-tin-ayli-sti-neohoroyda,"""Θεσσαλονίκη: «Βλέπαμε συχνά τα σκυλιά να βγαίνουν από την αυλή» στη Νεοχωρούδα"". Typosthes.gr (in Greek). Retrieved January 10, 2024.","""Θεσσαλονίκη: «Βλέπαμε συχνά τα σκυλιά να βγαίνουν από την αυλή» στη Νεοχωρούδα""",Typosthes.gr,". Retrieved January 10, 2024","January 10,",,
https://www.ilgiorno.it/pavia/cronaca/enrica-bensi-uccisa-pitbull-indagati-fb345026,"Zanette, Steffano (October 22, 2023). ""Enrica Bensi uccisa dal pitbull in fuga, ora sono indagati nonno e nipote"" [Enrica Bensi killed by escaped pitbull, grandfather and grandson are now under investigation]. Il Giorno (in Italian). Retrieved October 26, 2023.","""Enrica Bensi uccisa dal pitbull in fuga, ora sono indagati nonno e nipote""",Il Giorno,". Retrieved October 26, 2023","October 26,",,
https://www.omroepflevoland.nl/nieuws/346684/vorige-week-overleden-baby-in-emmeloord-blijkt-doodgebeten-door-hond,,"""Baby who died last week in Emmeloord appears to have been bitten to death by a dog""",,". Retrieved August 28, 2023","August 28,",,
https://www.ekathimerini.com/news/1216065/woman-found-dead-in-pangrati-with-injuries-from-dog-bites/,,"""Woman found dead in Pangrati with injuries from dog bites""",,". Retrieved August 1, 2023","August 1,",,
https://www.hotnews.ro/stiri-esential-26402768-barbat-ucis-caine-din-rasa-amstaff-lasat-grija-vecin-nepoata-lui-14-ani-reusit-scape-din-coltii-animalului-periculos.htm,,"""Man killed by an Amstaff dog left in the care of a neighbor. His 14-year-old niece managed to escape from the fangs of the dangerous animal""",,". Retrieved August 27, 2023","August 27,",,
https://www.leparisien.fr/faits-divers/yonne-mort-dun-bebe-de-18-mois-mordu-au-visage-par-un-chien-06-07-2023-FWEZ36IUGZGEPPAVSQBFE5WJUQ.php,"""Yonne : mort d'un bébé de 18 mois, mordu au visage par un chien"" [Yonne: death of an 18-month-old baby, bitten in the face by a dog]. leparisien.fr (in French). July 6, 2023. Retrieved December 1, 2023.","""Yonne : mort d'un bébé de 18 mois, mordu au visage par un chien""",leparisien.fr,". Retrieved December 1, 2023","December 1,",,
https://nypost.com/2023/04/08/italian-woman-torn-apart-while-trying-to-feed-her-brothers-dog-reports/,"Sedacca, Matthew (April 8, 2023). ""Italian woman 'torn apart' trying to feed her brother's dog"". Retrieved November 4, 2023.","""Italian woman 'torn apart' trying to feed her brother's dog""",,". Retrieved November 4, 2023","November 4,",,
https://www.unionesarda.it/en/italy/drama-for-a-pensioner-mauled-by-her-two-dogs-fjml72bk,"""Drama for a pensioner: mauled by her two dogs"". L'Unione Sarda English. December 25, 2022. Retrieved November 4, 2023.","""Drama for a pensioner: mauled by her two dogs""",L'Unione Sarda English,". Retrieved November 4, 2023","November 4,",,
https://www.svt.se/nyheter/lokalt/vasterbotten/en-person-avliden-efter-hundattack-i-robertsfors,,"""Kvinna avliden efter hundattack i Robertsfors""",,". Retrieved January 30, 2024","January 30,",,
https://www.svt.se/nyheter/lokalt/vasterbotten/den-hunddodade-kvinnans-amstaff-bet-barn-for-tva-ar-sedan,,"""Den dödade kvinnans amstaff bet barn för två år sedan""",,". Retrieved January 30, 2024","January 30,",,
https://polishnews.co.uk/gdynia-he-was-about-to-take-the-dogs-for-a-walk-one-of-them-attacked-him-the-47-year-old-is-dead/,"""Gdynia. He was about to take the dogs for a walk, one of them attacked him. The 47-year-old is dead"". Polish News. August 24, 2022. Retrieved November 14, 2023.","""Gdynia. He was about to take the dogs for a walk, one of them attacked him. The 47-year-old is dead""",Polish News,". Retrieved November 14, 2023","November 14,",,
https://www.ilrestodelcarlino.it/modena/cronaca/carmen-gorzanelli-sassuolo-abbraccio-1.6926905,"ANNESE, GIANPAOLO (October 16, 2021). ""Carmen Gorzanelli, ai funerali a Sassuolo l'abbraccio con i proprietari dei cani - Cronaca"". il Resto del Carlino (in Italian). Retrieved November 4, 2023.","""Carmen Gorzanelli, ai funerali a Sassuolo l'abbraccio con i proprietari dei cani - Cronaca""",il Resto del Carlino,". Retrieved November 4, 2023","November 4,",,
https://www.newsweek.com/dog-fatally-mauls-8-year-old-girl-american-staffordshire-terrier-belgium-1609288,"Palmer, Ewan (July 13, 2021). ""Dog Fatally Mauls 8-Year-Old Girl at Family Home"". Newsweek. Retrieved October 28, 2023.","""Dog Fatally Mauls 8-Year-Old Girl at Family Home""",Newsweek,". Retrieved October 28, 2023","October 28,",,
https://www.sudinfo.be/id603398/article/2023-01-18/talya-8-ans-tuee-par-un-amstaff-strepy-sa-mere-nouveau-jugee,"""Talya, 8 ans, tuée par un Amstaff à Strépy: sa mère à nouveau jugée!"". sudinfo.be (in French). January 18, 2023. Retrieved October 28, 2023.","""Talya, 8 ans, tuée par un Amstaff à Strépy: sa mère à nouveau jugée!""",sudinfo.be,". Retrieved October 28, 2023","October 28,",,
https://www.midilibre.fr/2020/08/10/une-fillette-de-16-mois-mordue-a-mort-par-un-chien-dattaque-en-charente-maritime-9014424.php,"Ducos, Laure (August 10, 2020). ""Une fillette de 16 mois mordue à mort par un chien d'attaque en Charente-Maritime"" [A 16-month-old girl bitten to death by an attack dog in Charente-Maritime]. midilibre.fr (in French). Retrieved November 8, 2023.","""Une fillette de 16 mois mordue à mort par un chien d'attaque en Charente-Maritime""",midilibre.fr,". Retrieved November 8, 2023","November 8,",,
https://www.lanouvellerepublique.fr/a-la-une/une-fillette-de-16-mois-meurt-apres-avoir-ete-mordue-par-un-chien,"""Charente-Maritime : une fillette de 16 mois meurt après avoir été mordue par un chien"" [Charente-Maritime: a 16-month-old girl dies after being bitten by a dog]. www.lanouvellerepublique.fr. August 9, 2020. Retrieved November 8, 2023.","""Charente-Maritime : une fillette de 16 mois meurt après avoir été mordue par un chien""",www.lanouvellerepublique.fr,". Retrieved November 8, 2023","November 8,",,
https://www.theguardian.com/world/2020/nov/03/woman-who-died-in-french-forest-was-killed-by-partners-dog,,"""Woman who died in French forest 'was killed by partner's dog'""",,". Retrieved October 26, 2023","October 26,",https://www.worldcat.org/issn/0261-3077,0261-3077
https://www.hartvannederland.nl/nieuws/baby-overleden-aan-verwondingen-na-hondenbeet-in-diemen,,"""Baby overleden aan verwondingen na hondenbeet in Diemen""",,". Retrieved June 27, 2021","June 27,",,
https://www.volkskrant.nl/gs-b88a2937b,"Stoker, Elsbeth (April 2, 2021). ""De baby van Esther werd doodgebeten door de hond van opa en oma: 'Zij hebben ook gedacht: dat doet mijn hond niet. Maar je hond doet het wel'"". de Volkskrant (in Dutch). Retrieved June 27, 2021.","""De baby van Esther werd doodgebeten door de hond van opa en oma: 'Zij hebben ook gedacht: dat doet mijn hond niet. Maar je hond doet het wel'""",de Volkskrant,". Retrieved June 27, 2021","June 27,",,
https://www.aftonbladet.se/nyheter/a/7lA3EB/ung-man-dod-efter-hundattack,"""Young man killed by dog"". Aftonbladet. July 27, 2018. Retrieved June 27, 2021.","""Young man killed by dog""",Aftonbladet,". Retrieved June 27, 2021","June 27,",,
https://www.ansa.it/english/news/general_news/2017/09/18/one-year-old-killed-by-family-pit-bulls_0c81dc07-8ace-47e3-a75f-a6afcd6acd34.html,"""One-year-old killed by family pit bulls - English"". ANSA.it. September 18, 2017. Retrieved October 28, 2023.","""One-year-old killed by family pit bulls - English""",ANSA.it,". Retrieved October 28, 2023","October 28,",,
https://metro.co.uk/2017/06/17/drunk-man-eaten-alive-by-pack-of-stray-dogs-6716387/,"""Drunk man eaten alive by pack of stray dogs"". Metro news. June 17, 2017. Archived from the original on September 23, 2019. Retrieved March 7, 2020.","""Drunk man eaten alive by pack of stray dogs""",Metro news,". Retrieved March 7, 2020","March 7,",https://web.archive.org/web/20190923171639/https://metro.co.uk/2017/06/17/drunk-man-eaten-alive-by-pack-of-stray-dogs-6716387/,Archived
https://www.independent.ie/irish-news/news/loving-and-caring-grandmother-attacked-by-her-sons-dogs-died-of-massive-injuries-inquest-hears-38348429.html,"""'Loving and caring' grandmother attacked by her son's dogs died of 'massive' injuries, inquest hears"". Irish News, Independent.ie. July 26, 2019. Archived from the original on July 27, 2019. Retrieved March 7, 2020.","""'Loving and caring' grandmother attacked by her son's dogs died of 'massive' injuries, inquest hears""","Irish News, Independent.ie",". Retrieved March 7, 2020","March 7,",https://web.archive.org/web/20190727163636/https://www.independent.ie/irish-news/news/loving-and-caring-grandmother-attacked-by-her-sons-dogs-died-of-massive-injuries-inquest-hears-38348429.html,Archived
https://www.thelocal.fr/20170120/baby-killed-by-family-rottweiler-in-northern-france,"""Baby killed by family Rottweiler in northern France"". www.thelocal.fr. January 20, 2017. Retrieved February 1, 2024.","""Baby killed by family Rottweiler in northern France""",www.thelocal.fr,". Retrieved February 1, 2024","February 1,",,
https://www.parismatch.com/actu/faits-divers/une-fillette-de-14-mois-tuee-par-le-rottweiler-de-sa-famille-80890,"""Une fillette de 14 mois tuée par le rottweiler de sa famille"" [14-month-old girl killed by her family's Rottweiler]. parismatch.com (in French). January 19, 2017. Retrieved February 1, 2024.","""Une fillette de 14 mois tuée par le rottweiler de sa famille""",parismatch.com,". Retrieved February 1, 2024","February 1,",,
https://www.leparisien.fr/faits-divers/video-enfant-tue-par-un-chien-en-alsace-pas-de-poursuites-pour-homicide-10-05-2016-5782693.php,"""VIDEO. Enfant tué par un chien en Alsace : pas de poursuites pour homicide"" [VIDEO. Child killed by a dog in Alsace: no prosecution for homicide]. leparisien.fr (in French). May 10, 2016. Retrieved January 31, 2024.","""VIDEO. Enfant tué par un chien en Alsace : pas de poursuites pour homicide""",leparisien.fr,". Retrieved January 31, 2024","January 31,",,
https://www.francebleu.fr/infos/faits-divers-justice/un-enfant-de-18-mois-tue-par-un-chien-epfig-1462552698,"""Bas-Rhin : un enfant de 18 mois tué par un chien à Epfig - France Bleu"" [Bas-Rhin: an 18-month-old child killed by a dog in Epfig]. ici, par France Bleu et France 3 (in French). May 6, 2016. Retrieved January 31, 2024.","""Bas-Rhin : un enfant de 18 mois tué par un chien à Epfig - France Bleu""","ici, par France Bleu et France 3",". Retrieved January 31, 2024","January 31,",,
https://www.parool.nl/nieuws/pitbull-bijt-peuter-1-dood~b109b0a2/,"""Pitbull bijt peuter (1) dood"" [Pit bull bites toddler (1) to death]. www.parool.nl. December 4, 2012. Retrieved November 9, 2023.","""Pitbull bijt peuter (1) dood""",www.parool.nl,". Retrieved November 9, 2023","November 9,",,
https://www.nzz.ch/newzzEGPJN5ZT-12-ld.370446,,"""Knabe in Oberglatt von drei Hunden zu Tode gebissen""",,". Retrieved October 11, 2023","October 11,",,
https://www.news24.com/news24/polish-girl-mauled-by-dogs-20021105,"""Polish girl mauled by dogs"". News24. Retrieved November 14, 2023.","""Polish girl mauled by dogs""",News24,". Retrieved November 14, 2023","November 14,",,
http://news.bbc.co.uk/2/hi/europe/806930.stm,,"""Dogs kill boy in Germany""",,". Retrieved March 7, 2020","March 7,",https://web.archive.org/web/20200811110357/http://news.bbc.co.uk/2/hi/europe/806930.stm,Archived
"https://news.google.com/newspapers?id=sZA0AAAAIBAJ&pg=4402,8204426",,"""Pit-bull breeding banned in Germany after attack""",,". Retrieved March 7, 2020","March 7,",https://web.archive.org/web/20201018030410/https://news.google.com/newspapers?id=sZA0AAAAIBAJ&sjid=jaMFAAAAIBAJ&pg=4402%2C8204426,Archived
https://web.archive.org/web/20190728152318/https://www.zoll.de/EN/Private-individuals/Travel/Entering-Germany/Restrictions/Dangerous-dogs/dangerous-dogs.html,"""Customs online - Dangerous dogs - Dangerous dogs"". www.zoll.de. Archived from the original on July 28, 2019. Retrieved July 28, 2019.","""Customs online - Dangerous dogs - Dangerous dogs""",www.zoll.de,". Retrieved July 28, 2019","July 28,",https://www.zoll.de/EN/Private-individuals/Travel/Entering-Germany/Restrictions/Dangerous-dogs/dangerous-dogs.html,the original
https://web.archive.org/web/20190728152318/https://www.zoll.de/EN/Private-individuals/Travel/Entering-Germany/Restrictions/Dangerous-dogs/provisions_imposed_by_individual_federal_states.html,"""Customs online - Private individuals - Provisions imposed by individual federal states"". www.zoll.de. Archived from the original on July 28, 2019. Retrieved July 28, 2019.","""Customs online - Private individuals - Provisions imposed by individual federal states""",www.zoll.de,". Retrieved July 28, 2019","July 28,",https://www.zoll.de/EN/Private-individuals/Travel/Entering-Germany/Restrictions/Dangerous-dogs/provisions_imposed_by_individual_federal_states.html,the original
http://news.bbc.co.uk/2/hi/europe/774366.stm,"""BBC News | EUROPE | Dog pack kills elderly woman"". news.bbc.co.uk. Retrieved November 8, 2023.","""BBC News | EUROPE | Dog pack kills elderly woman""",news.bbc.co.uk,". Retrieved November 8, 2023","November 8,",,
https://www.latimes.com/archives/la-xpm-1990-05-27-mn-151-story.html,"Socolovsky, Jerome (May 27, 1990). ""Fatal Dog Attacks in Europe Prompt Irate Calls for Ban : Pets: A mixed breed called the 'bandog' comes naturally to savage behavior, critics say, calling it a 'Darwinian nightmare.'"". Los Angeles Times. Retrieved November 9, 2023.","""Fatal Dog Attacks in Europe Prompt Irate Calls for Ban : Pets: A mixed breed called the 'bandog' comes naturally to savage behavior, critics say, calling it a 'Darwinian nightmare.'""",Los Angeles Times,". Retrieved November 9, 2023","November 9,",,
https://taz.de/!1767706/,,"""Kampfhunde - eine Darwinscher Alptraum""",,". Retrieved November 9, 2023","November 9,",https://www.worldcat.org/issn/0931-9085,0931-9085
https://www.nrc.nl/nieuws/1990/04/27/pitbull-terrier-bijt-eenjarig-jongetje-dood-in-keuken-6928658-a1148223,,"""Pitbull-terrier bijt eenjarig jongetje dood in keuken""",,". Retrieved November 9, 2023","November 9,",,
https://bnn.network/breaking-news/crime/security-guard-fatally-attacked-by-rottweilers-in-namibia/,"Jehangir, Mahnoor (September 24, 2023). ""Security Guard Fatally Attacked by Rottweilers in Namibia"". BNN Breaking. Retrieved November 7, 2023.","""Security Guard Fatally Attacked by Rottweilers in Namibia""",BNN Breaking,". Retrieved November 7, 2023","November 7,",,
https://neweralive.na/os/posts/oyeene-yoombwa-ya-londondhwa-ye-dhi-kwate-nawa,"""Oyeene yoombwa ya londondhwa ye dhi kwate nawa"". Truth, for its own sake. (in Ossetic). Retrieved November 7, 2023.","""Oyeene yoombwa ya londondhwa ye dhi kwate nawa""","Truth, for its own sake.",". Retrieved November 7, 2023","November 7,",,
https://www.herald.co.zw/nine-year-old-girl-killed-by-pit-bull/,"""Nine-year-old girl killed by pit bull"". The Herald. Retrieved February 12, 2024.","""Nine-year-old girl killed by pit bull""",The Herald,". Retrieved February 12, 2024","February 12,",,
https://www.zimlive.com/girl-9-dies-from-an-attack-by-pit-bull-dog/,"""Girl, 9, dies from an attack by pit bull-dog"". Zimbabwe News Now. April 1, 2023. Retrieved February 12, 2024.","""Girl, 9, dies from an attack by pit bull-dog""",Zimbabwe News Now,". Retrieved February 12, 2024","February 12,",,
https://www.newzimbabwe.com/man-dies-after-being-mauled-by-his-own-dogs/,"""Man dies after being mauled by his own dogs |"". Retrieved November 7, 2023.","""Man dies after being mauled by his own dogs |""",,". Retrieved November 7, 2023","November 7,",,
https://www.standardmedia.co.ke/article/2001444541/dogs-maul-to-death-woman-and-her-one-year-old-child-in-ugenya,"Odhiambo, Olivia. ""Dogs maul to death woman and her one-year-old child in Ugenya"". The Standard. Retrieved November 7, 2023.","""Dogs maul to death woman and her one-year-old child in Ugenya""",The Standard,". Retrieved November 7, 2023","November 7,",,
https://www.tuko.co.ke/kenya/counties/453326-siaya-rotweller-dogs-loose-attack-kill-mother-son/,"Eli, Kai (May 3, 2022). ""Siaya police kill two dogs that attacked, killed mother and 1-year-old son"". Tuko.co.ke - Kenya news. Retrieved November 7, 2023.","""Siaya police kill two dogs that attacked, killed mother and 1-year-old son""",Tuko.co.ke - Kenya news,". Retrieved November 7, 2023","November 7,",,
https://www.mmegi.bw/news/pit-bull-attacks-kills-man/news,"Bothoko, Pini (January 25, 2022). ""Pit bull attacks, kills man"". Mmegi Online. Retrieved November 9, 2023.","""Pit bull attacks, kills man""",Mmegi Online,". Retrieved November 9, 2023","November 9,",,
https://www.the-star.co.ke/news/2022-01-24-malindi-house-help-mauled-to-death-by-employers-dog/,"Ombati, Cyrus (September 24, 2022). ""Malindi house help mauled to death by employer's dog"". The Star. Retrieved November 7, 2023.","""Malindi house help mauled to death by employer's dog""",The Star,". Retrieved November 7, 2023","November 7,",,
https://nation.africa/kenya/counties/kilifi/dog-mauls-house-help-to-death-in-malindi-3693012,"""House help mauled to death by employer's dog in Malindi"". Nation. January 25, 2022. Retrieved November 7, 2023.","""House help mauled to death by employer's dog in Malindi""",Nation,". Retrieved November 7, 2023","November 7,",,
https://namibian.com.na/pit-bull-kills-security-guard/,"""Pit bull kills security guard"". The Namibian. September 2, 2018. Retrieved November 11, 2023.","""Pit bull kills security guard""",The Namibian,". Retrieved November 11, 2023","November 11,",,
https://www.telegraph.co.uk/news/worldnews/africaandindianocean/kenya/11880078/British-woman-killed-by-Rottweilers-at-seaside-home-of-Kenyan-husband.html,,"""British woman killed by Rottweilers at seaside home of Kenyan husband""",,". Retrieved June 24, 2019","June 24,",https://web.archive.org/web/20190707145417/https://www.telegraph.co.uk/news/worldnews/africaandindianocean/kenya/11880078/British-woman-killed-by-Rottweilers-at-seaside-home-of-Kenyan-husband.html,Archived
https://namibian.com.na/boy-mauled-to-death-by-two-dogs/,"""Boy mauled to death by two dogs"". The Namibian. June 28, 2015. Retrieved November 11, 2023.","""Boy mauled to death by two dogs""",The Namibian,". Retrieved November 11, 2023","November 11,",,
https://kundana.com.na/posts/boy-mauled-death-pitbulls-mourned,"""Boy mauled to death by pitbulls mourned"". www.kundana.com.na. June 29, 2015. Retrieved November 11, 2023.","""Boy mauled to death by pitbulls mourned""",www.kundana.com.na,". Retrieved November 11, 2023","November 11,",,
https://neweralive.na/posts/namibians-call-ban-pit-bull-terriers,"""Namibians call for ban of pit bull terriers"". www.neweralive.na. July 1, 2015. Retrieved November 11, 2023.","""Namibians call for ban of pit bull terriers""",www.neweralive.na,". Retrieved November 11, 2023","November 11,",,
https://allafrica.com/stories/200611281294.html,"Kubuitsile, Lauri (November 28, 2006). ""Botswana: The History of the American Pit Bull"". www.allafrica.com. Retrieved November 9, 2023.","""Botswana: The History of the American Pit Bull""",www.allafrica.com,". Retrieved November 9, 2023","November 9,",,
